"name","left geod","right geod","ortho"
"v0224(,)",0.23786+0.95457j,0.62724+1.67602j,1.47222-0.33841j
"v0226(,)",0.20479+0.88655j,0.58162-1.69836j,1.57388+0.78975j
"v0234(,)",0.56959-1.67802j,0.56959-1.67802j,1.75068+0.87809j
"v0234(,)",0.1223-2.81625j,0.56959-1.67802j,1.83435+0.90991j
"v0241(,)",0.59703+1.65419j,0.59703+1.65419j,1.69382-0.81744j
"v0241(,)",0.10115-2.84268j,0.59703+1.65419j,1.91043-0.23462j
"v0243(,)",0.09758+1.45184j,0.55529+1.66571j,1.9522-1.22549j
"v0243(,)",0.55529+1.66571j,0.55529+1.66571j,1.78628-0.85167j
"v0244(,)",0.09434+2.80149j,0.55273-1.63103j,2.01354-1.43934j
"v0244(,)",0.55273-1.63103j,0.55273-1.63103j,1.75844-2.09526j
"v0245(,)",0.09365+1.91565j,0.56431+1.66959j,1.96884-1.02763j
"v0245(,)",0.56431+1.66959j,0.56431+1.66959j,1.76464-0.85938j
"v0246(,)",0.59252-1.63416j,0.59252-1.63416j,1.6817-2.07298j
"v0247(,)",0.58815-1.62998j,0.58815-1.62998j,1.71831+0.76677j
"v0247(,)",0.0885+1.18051j,0.58815-1.62998j,1.97605+2.83189j
"v0250(,)",0.55009-1.64286j,0.55009-1.64286j,1.76889-2.07141j
"v0252(,)",0.55414-1.65863j,0.55414-1.65863j,1.78979+0.83536j
"v0252(,)",0.08206+1.33364j,0.55414-1.65863j,2.03779+1.3532j
"v0253(,)",0.57402+1.62596j,0.57402+1.62596j,1.71334+2.09592j
"v0253(,)",0.07903+2.82596j,0.57402+1.62596j,2.08695+0.93846j
"v0254(,)",0.56699-1.66649j,0.56699-1.66649j,1.75897+0.85171j
"v0254(,)",0.07918+2.26211j,0.56699-1.66649j,2.05069+0.98698j
"v0255(,)",0.55821-1.63127j,0.55821-1.63127j,1.78311+0.77338j
"v0256(,)",0.55605-1.63387j,0.55605-1.63387j,1.78769+0.77927j
"v0257(,)",0.55461+1.63684j,0.55461+1.63684j,1.79066-0.78596j
"v0258(,)",0.55198+1.64776j,0.55198+1.64776j,1.76662+2.06034j
"v0259(,)",0.5546-1.63729j,0.5546-1.63729j,1.75723-2.08139j
"v0259(,)",0.07456+1.89974j,0.5546-1.63729j,2.12987-1.53241j
"v0260(,)",0.0739+1.93124j,0.5909-1.64822j,2.06911+0.13076j
"v0260(,)",0.5909-1.64822j,0.5909-1.64822j,1.70873+0.80577j
"v0261(,)",0.07314-1.45932j,0.59034+1.64225j,2.07317+0.0262j
"v0261(,)",0.59034+1.64225j,0.59034+1.64225j,1.71123-0.79284j
"v0262(,)",0.55395-1.63993j,0.55395-1.63993j,1.79191+0.7929j
"v0262(,)",0.07203-2.67274j,0.55395-1.63993j,2.09831+1.83085j
"v0263(,)",0.56274-1.66299j,0.56274-1.66299j,1.76936+0.84432j
"v0263(,)",0.0722+1.68188j,0.56274-1.66299j,2.09824+1.11879j
"v0264(,)",0.57053-1.62784j,0.57053-1.62784j,1.75656+0.76472j
"v0264(,)",0.07094-2.71464j,0.57053-1.62784j,2.09456+2.40907j
"v0265(,)",0.06739+1.82175j,0.57335+1.62883j,2.11913-2.48754j
"v0265(,)",0.57335+1.62883j,0.57335+1.62883j,1.75035-0.76653j
"v0267(,)",0.58+1.63203j,0.58+1.63203j,1.70438+2.08172j
"v0267(,)",0.06379+1.43968j,0.58+1.63203j,2.19022+0.73147j
"v0268(,)",0.57584+1.66252j,0.57584+1.66252j,1.72177+2.02359j
"v0269(,)",0.58801+1.649j,0.58801+1.649j,1.71491-0.80813j
"v0269(,)",0.06346+2.24768j,0.58801+1.649j,2.14681-0.16196j
"v0270(,)",0.06337+1.76471j,0.57567-1.63031j,2.14911+2.56231j
"v0270(,)",0.57567-1.63031j,0.57567-1.63031j,1.74512+0.76944j
"v0271(,)",0.06216+2.27434j,0.55788+1.63794j,2.21845-1.64066j
"v0271(,)",0.55788+1.63794j,0.55788+1.63794j,1.75067+2.07874j
"v0272(,)",0.57017+1.66219j,0.57017+1.66219j,1.73302+2.02549j
"v0273(,)",0.58618+1.63994j,0.58618+1.63994j,1.72075-0.78864j
"v0273(,)",0.06091+1.33231j,0.58618+1.63994j,2.16616-3.01537j
"v0274(,)",0.06001+1.91573j,0.57583+1.63137j,2.22356+0.85819j
"v0274(,)",0.57583+1.63137j,0.57583+1.63137j,1.71213+2.08467j
"v0276(,)",0.5602+1.63598j,0.5602+1.63598j,1.77834-0.78359j
"v0276(,)",0.05909+2.35147j,0.5602+1.63598j,2.19318-2.02566j
"v0277(,)",0.05942-1.69678j,0.55705-1.64127j,2.24155-1.60682j
"v0277(,)",0.55705-1.64127j,0.55705-1.64127j,1.75367-2.07216j
"v0278(,)",0.57745+1.63209j,0.57745+1.63209j,1.74102-0.77304j
"v0278(,)",0.05908-2.65918j,0.57745+1.63209j,2.18372-2.63271j
"v0279(,)",0.58433-1.65511j,0.58433-1.65511j,1.7035-2.03609j
"v0280(,)",0.56777-1.66108j,0.56777-1.66108j,1.73763-2.02828j
"v0281(,)",0.55791-1.65306j,0.55791-1.65306j,1.75581-2.04733j
"v0282(,)",0.05663+2.36911j,0.55826-1.63998j,2.21645+1.88085j
"v0282(,)",0.55826-1.63998j,0.55826-1.63998j,1.78228+0.79264j
"v0283(,)",0.05634+1.35047j,0.58113-1.63521j,2.25162+2.49891j
"v0283(,)",0.58113-1.63521j,0.58113-1.63521j,1.70345-2.07521j
"v0284(,)",0.05654-2.5879j,0.56283+1.6583j,2.21936-1.18976j
"v0284(,)",0.56283+1.6583j,0.56283+1.6583j,1.76983-0.83353j
"v0285(,)",0.05623-2.72805j,0.55726+1.64964j,2.22295+1.59494j
"v0285(,)",0.55726+1.64964j,0.55726+1.64964j,1.78359-0.81446j
"v0286(,)",0.58608+1.64559j,0.58608+1.64559j,1.71986-0.80101j
"v0286(,)",0.05548+1.67282j,0.58608+1.64559j,2.21418-0.05452j
"v0288(,)",0.57222-1.63265j,0.57222-1.63265j,1.75231+0.77496j
"v0288(,)",0.0527+2.33695j,0.57222-1.63265j,2.24358+2.46247j
"v0289(,)",0.55881-1.65096j,0.55881-1.65096j,1.77994+0.8173j
"v0289(,)",0.05188+1.83234j,0.55881-1.65096j,2.2627+1.48656j
"v0290(,)",0.05187+1.84793j,0.55878+1.6508j,2.30793-1.20188j
"v0290(,)",0.55878+1.6508j,0.55878+1.6508j,1.75333+2.05179j
"v0291(,)",0.56443+1.65779j,0.56443+1.65779j,1.74363+2.03579j
"v0292(,)",0.57455-1.63348j,0.57455-1.63348j,1.71547-2.08109j
"v0292(,)",0.05102+2.26025j,0.57455-1.63348j,2.30562-0.88205j
"v0293(,)",0.58466-1.65008j,0.58466-1.65008j,1.70154-2.04563j
"v0294(,)",0.57341+1.65968j,0.57341+1.65968j,1.72597+2.02978j
"v0295(,)",0.0502+2.4407j,0.56471+1.6576j,2.27777-1.14746j
"v0295(,)",0.56471+1.6576j,0.56471+1.6576j,1.76564-0.83165j
"v0299(,)",0.56037+1.65187j,0.56037+1.65187j,1.7763-0.81919j
"v0299(,)",0.04768+1.7568j,0.56037+1.65187j,2.30437-1.43112j
"v0301(,)",0.04725+2.38066j,0.5753+1.63465j,2.29717-2.59245j
"v0301(,)",0.5753+1.63465j,0.5753+1.63465j,1.74533-0.77891j
"v0302(,)",0.57628+1.63521j,0.57628+1.63521j,1.71278+2.07704j
"v0302(,)",0.04669-1.68612j,0.57628+1.63521j,2.34876+0.79595j
"v0303(,)",0.0461-1.74276j,0.55983+1.64905j,2.36627-1.25638j
"v0303(,)",0.55983+1.64905j,0.55983+1.64905j,1.75059+2.05508j
"v0304(,)",0.58221-1.65192j,0.58221-1.65192j,1.70676-2.04277j
"v0307(,)",0.04354+1.86634j,0.56651-1.65668j,2.38989+0.81002j
"v0307(,)",0.56651-1.65668j,0.56651-1.65668j,1.73911-2.03753j
"v0308(,)",0.56185+1.65245j,0.56185+1.65245j,1.77286-0.82031j
"v0308(,)",0.04371+2.65368j,0.56185+1.65245j,2.34726-1.3802j
"v0309(,)",0.04329-2.74565j,0.58109+1.64032j,2.38344-2.64675j
"v0309(,)",0.58109+1.64032j,0.58109+1.64032j,1.70536+2.06545j
"v0311(,)",0.57359-1.65738j,0.57359-1.65738j,1.72504-2.03431j
"v0312(,)",0.04239-2.73204j,0.57991-1.63914j,2.35023+2.86519j
"v0312(,)",0.57991-1.63914j,0.57991-1.63914j,1.73458+0.78801j
"v0313(,)",0.57199+1.65736j,0.57199+1.65736j,1.72824+2.03476j
"v0314(,)",0.56114-1.64333j,0.56114-1.64333j,1.74598-2.06643j
"v0314(,)",0.04177+2.42974j,0.56114-1.64333j,2.41482-1.63136j
"v0316(,)",0.041-2.64118j,0.56094+1.64774j,2.4241+1.83676j
"v0316(,)",0.56094+1.64774j,0.56094+1.64774j,1.74788+2.05742j
"v0317(,)",0.04087+2.32815j,0.56135+1.64958j,2.38038-1.50781j
"v0317(,)",0.56135+1.64958j,0.56135+1.64958j,1.77435-0.81388j
"v0319(,)",0.58197+1.64505j,0.58197+1.64505j,1.70521+2.05607j
"v0319(,)",0.04008+2.76099j,0.58197+1.64505j,2.42134+0.2753j
"v0321(,)",0.57977+1.6405j,0.57977+1.6405j,1.73464-0.791j
"v0321(,)",0.0388+1.83459j,0.57977+1.6405j,2.39487-2.9115j
"v0322(,)",0.03847+1.84682j,0.57948-1.64027j,2.44357+2.60176j
"v0322(,)",0.57948-1.64027j,0.57948-1.64027j,1.70842-2.06609j
"v0323(,)",0.03837+2.44633j,0.58153-1.64537j,2.40072+0.02932j
"v0323(,)",0.58153-1.64537j,0.58153-1.64537j,1.72993+0.8014j
"v0324(,)",0.58028+1.65137j,0.58028+1.65137j,1.71034+2.04437j
"v0324(,)",0.03813+2.27105j,0.58028+1.65137j,2.44726+3.09253j
"v0325(,)",0.03733-1.72768j,0.56801-1.65557j,2.46591+0.76542j
"v0325(,)",0.56801-1.65557j,0.56801-1.65557j,1.73578-2.03937j
"v0326(,)",0.57615+1.63792j,0.57615+1.63792j,1.71404+2.07182j
"v0326(,)",0.03715-2.59375j,0.57615+1.63792j,2.4632+0.74685j
"v0327(,)",0.03624-1.69776j,0.58038-1.64998j,2.47274-0.01772j
"v0327(,)",0.58038-1.64998j,0.58038-1.64998j,1.70975-2.04703j
"v0328(,)",0.56712+1.65463j,0.56712+1.65463j,1.73731+2.04152j
"v0328(,)",0.03546+2.30079j,0.56712+1.65463j,2.49215-0.8283j
"v0329(,)",0.5795-1.64166j,0.5795-1.64166j,1.73505+0.7936j
"v0329(,)",0.03552+1.75596j,0.5795-1.64166j,2.43955-0.1879j
"v0331(,)",0.56342-1.6508j,0.56342-1.6508j,1.7695+0.81638j
"v0331(,)",0.03525+2.38587j,0.56342-1.6508j,2.45354+1.411j
"v0332(,)",0.03449-2.61106j,0.57116+1.6555j,2.50328-0.60081j
"v0332(,)",0.57116+1.6555j,0.57116+1.6555j,1.72941+2.03869j
"v0333(,)",0.0345+1.86006j,0.58058+1.64602j,2.49717+0.23254j
"v0333(,)",0.58058+1.64602j,0.58058+1.64602j,1.70819+2.05464j
"v0334(,)",0.0343-1.74503j,0.57815-1.6404j,2.50177-0.57964j
"v0334(,)",0.57815-1.6404j,0.57815-1.6404j,1.71104-2.0663j
"v0335(,)",0.5629-1.64803j,0.5629-1.64803j,1.74396-2.0562j
"v0335(,)",0.03366-2.39619j,0.5629-1.64803j,2.52137+1.27539j
"v0336(,)",0.5752+1.63872j,0.5752+1.63872j,1.7162+2.07061j
"v0336(,)",0.0328+2.43678j,0.5752+1.63872j,2.52614+0.77333j
"v0338(,)",0.56909-1.65456j,0.56909-1.65456j,1.73332-2.04113j
"v0338(,)",0.03227-2.62881j,0.56909-1.65456j,2.53807+0.72686j
"v0340(,)",0.57705-1.64063j,0.57705-1.64063j,1.71326-2.06622j
"v0340(,)",0.0307-2.64421j,0.57705-1.64063j,2.55793+2.52652j
"v0341(,)",0.57805+1.64176j,0.57805+1.64176j,1.71169+2.0637j
"v0341(,)",0.03074+2.31638j,0.57805+1.64176j,2.55659+0.52115j
"v0343(,)",0.02972+2.42181j,0.57161+1.65426j,2.57751-0.57477j
"v0343(,)",0.57161+1.65426j,0.57161+1.65426j,1.72819+2.04105j
"v0344(,)",0.57938+1.64665j,0.57938+1.64665j,1.71071+2.05378j
"v0344(,)",0.02993-1.73361j,0.57938+1.64665j,2.56913+0.1959j
"v0345(,)",0.5789-1.64877j,0.5789-1.64877j,1.71228-2.04981j
"v0345(,)",0.02941-2.60376j,0.5789-1.64877j,2.57811-0.05588j
"v0347(,)",0.02709-2.40681j,0.56917+1.65316j,2.6255-0.74976j
"v0347(,)",0.56917+1.65316j,0.56917+1.65316j,1.73279+2.04393j
"v0348(,)",0.02626+2.38612j,0.57751+1.64309j,2.59189+0.17324j
"v0348(,)",0.57751+1.64309j,0.57751+1.64309j,1.73919-0.79708j
"v0351(,)",0.02555+2.42832j,0.57783-1.64874j,2.64921+3.1073j
"v0351(,)",0.57783-1.64874j,0.57783-1.64874j,1.71435-2.05018j
"v0352(,)",0.57627+1.64191j,0.57627+1.64191j,1.71521+2.06401j
"v0352(,)",0.02518-2.39409j,0.57627+1.64191j,2.65762-2.55041j
"v0356(,)",0.02172+2.40243j,0.57721+1.64675j,2.73092-2.95795j
"v0356(,)",0.57721+1.64675j,0.57721+1.64675j,1.71496+2.05427j
"v0361(,)",0.45505+2.12558j,0.45505+2.12558j,1.99159+1.50662j
"v0372(,)",0.4742-2.12029j,0.4742-2.12029j,1.9654-1.49875j
"v0372(,)",0.08052-2.82893j,0.4742-2.12029j,2.13234-0.63255j
"v0377(,)",0.45545+2.14097j,0.45545+2.14097j,2.00213+1.48659j
"v0378(,)",0.45697-2.13114j,0.45697-2.13114j,1.99334-1.49823j
"v0378(,)",0.07779+1.8999j,0.45697-2.13114j,2.155-1.24652j
"v0379(,)",0.45605+2.14061j,0.45605+2.14061j,1.99216-1.89888j
"v0380(,)",0.46809+2.15397j,0.46809+2.15397j,1.97487-1.90833j
"v0385(,)",0.48343+2.12767j,0.48343+2.12767j,1.96546-1.87689j
"v0386(,)",0.47858-2.12485j,0.47858-2.12485j,1.97147+1.87461j
"v0387(,)",0.45995+2.13148j,0.45995+2.13148j,1.98987+1.49569j
"v0387(,)",0.06486+2.27436j,0.45995+2.13148j,2.24456-1.92705j
"v0388(,)",0.47957+2.12566j,0.47957+2.12566j,1.96309+1.48931j
"v0388(,)",0.06396+1.44242j,0.47957+2.12566j,2.24437+0.42553j
"v0390(,)",0.46336+2.12761j,0.46336+2.12761j,1.98838-1.88159j
"v0391(,)",0.06275+2.28011j,0.45899-2.14108j,2.2707-1.75575j
"v0391(,)",0.45899-2.14108j,0.45899-2.14108j,1.98877+1.89826j
"v0392(,)",0.47743-2.15123j,0.47743-2.15123j,1.9801-1.46083j
"v0393(,)",0.45938-2.13461j,0.45938-2.13461j,1.99276-1.49216j
"v0393(,)",0.06196-1.69623j,0.45938-2.13461j,2.26707+1.81558j
"v0394(,)",0.06078+1.91816j,0.47597+2.12504j,2.27145+0.55267j
"v0394(,)",0.47597+2.12504j,0.47597+2.12504j,1.96666+1.49231j
"v0395(,)",0.06116-1.70212j,0.45906+2.13808j,2.28273-1.49454j
"v0395(,)",0.45906+2.13808j,0.45906+2.13808j,1.9898-1.89496j
"v0397(,)",0.47282+2.15154j,0.47282+2.15154j,1.98598+1.46278j
"v0398(,)",0.46132+2.14523j,0.46132+2.14523j,1.99713+1.47729j
"v0399(,)",0.05799+1.44092j,0.47383-2.15124j,2.30615-2.48376j
"v0399(,)",0.47383-2.15124j,0.47383-2.15124j,1.9701+1.90389j
"v0402(,)",0.4857-2.13784j,0.4857-2.13784j,1.96118+1.88747j
"v0403(,)",0.47074-2.1509j,0.47074-2.1509j,1.98827-1.46467j
"v0405(,)",0.47135+2.12574j,0.47135+2.12574j,1.97959-1.87723j
"v0406(,)",0.05606+1.34804j,0.48056-2.12845j,2.30941-0.33769j
"v0406(,)",0.48056-2.12845j,0.48056-2.12845j,1.96375-1.48563j
"v0407(,)",0.46324-2.13001j,0.46324-2.13001j,1.98778+1.88442j
"v0409(,)",0.47093-2.15049j,0.47093-2.15049j,1.97319+1.904j
"v0409(,)",0.05504+1.91811j,0.47093-2.15049j,2.33332+0.77228j
"v0410(,)",0.48017-2.12865j,0.48017-2.12865j,1.96892+1.87859j
"v0411(,)",0.05327+1.84612j,0.46182+2.14316j,2.34002+1.67481j
"v0411(,)",0.46182+2.14316j,0.46182+2.14316j,1.99523+1.47966j
"v0412(,)",0.05177+2.2582j,0.47491-2.12689j,2.35184+2.56435j
"v0412(,)",0.47491-2.12689j,0.47491-2.12689j,1.96906-1.49095j
"v0414(,)",0.4676-2.14856j,0.4676-2.14856j,1.99099-1.46934j
"v0415(,)",0.05106+1.35027j,0.47547+2.14939j,2.36855+2.56249j
"v0415(,)",0.47547+2.14939j,0.47547+2.14939j,1.96899-1.90161j
"v0418(,)",0.47524+2.14909j,0.47524+2.14909j,1.9817+1.46457j
"v0419(,)",0.04997-2.60034j,0.46162-2.13669j,2.37328-1.38964j
"v0419(,)",0.46162-2.13669j,0.46162-2.13669j,1.99133-1.48803j
"v0420(,)",0.04992-2.60521j,0.46162+2.13674j,2.38269-1.5579j
"v0420(,)",0.46162+2.13674j,0.46162+2.13674j,1.98743-1.89256j
"v0421(,)",0.46353-2.132j,0.46353-2.132j,1.98683+1.88661j
"v0422(,)",0.48356-2.14066j,0.48356-2.14066j,1.9674-1.47019j
"v0424(,)",0.48333+2.14139j,0.48333+2.14139j,1.96295-1.89163j
"v0425(,)",0.47276+2.12757j,0.47276+2.12757j,1.97753-1.879j
"v0426(,)",0.47646+2.12843j,0.47646+2.12843j,1.9683+1.48822j
"v0426(,)",0.04706-1.68415j,0.47646+2.12843j,2.39864+0.49079j
"v0427(,)",0.04751-1.74422j,0.46255+2.14153j,2.39717-1.52329j
"v0427(,)",0.46255+2.14153j,0.46255+2.14153j,1.99328+1.4813j
"v0428(,)",0.47071+2.1486j,0.47071+2.1486j,1.97398-1.90218j
"v0428(,)",0.04688+2.25805j,0.47071+2.1486j,2.41314+2.34672j
"v0429(,)",0.48296+2.13904j,0.48296+2.13904j,1.96721+1.47236j
"v0431(,)",0.47926+2.13062j,0.47926+2.13062j,1.96953-1.88097j
"v0432(,)",0.47794-2.12976j,0.47794-2.12976j,1.97118+1.88029j
"v0433(,)",0.4819-2.14243j,0.4819-2.14243j,1.9642+1.893j
"v0434(,)",0.46542+2.13131j,0.46542+2.13131j,1.98489-1.88523j
"v0436(,)",0.48261+2.13912j,0.48261+2.13912j,1.96417-1.88942j
"v0438(,)",0.46404-2.13359j,0.46404-2.13359j,1.98575+1.88825j
"v0438(,)",0.04384-2.63837j,0.46404-2.13359j,2.44578+1.73929j
"v0439(,)",0.46928-2.14738j,0.46928-2.14738j,1.9882-1.4699j
"v0440(,)",0.48164-2.1422j,0.48164-2.1422j,1.97042-1.46944j
"v0441(,)",0.04354+2.43023j,0.46315-2.13619j,2.44158-1.35309j
"v0441(,)",0.46315-2.13619j,0.46315-2.13619j,1.9891-1.48764j
"v0442(,)",0.0432+2.42601j,0.46302+2.13764j,2.45466-1.52175j
"v0442(,)",0.46302+2.13764j,0.46302+2.13764j,1.98558-1.89309j
"v0443(,)",0.04261-1.68476j,0.47236-2.14783j,2.45999-2.42444j
"v0443(,)",0.47236-2.14783j,0.47236-2.14783j,1.97254+1.90091j
"v0447(,)",0.04242+2.31725j,0.46418-2.14256j,2.45296+1.44423j
"v0447(,)",0.46418-2.14256j,0.46418-2.14256j,1.99184-1.47898j
"v0448(,)",0.04239-2.64235j,0.46338+2.14026j,2.45415+1.56801j
"v0448(,)",0.46338+2.14026j,0.46338+2.14026j,1.99142+1.48239j
"v0449(,)",0.4752-2.14715j,0.4752-2.14715j,1.98074-1.46697j
"v0450(,)",0.47363+2.12917j,0.47363+2.12917j,1.97615-1.8806j
"v0451(,)",0.4739+2.1473j,0.4739+2.1473j,1.9824+1.46748j
"v0455(,)",0.47237-2.12955j,0.47237-2.12955j,1.97748+1.88135j
"v0457(,)",0.48122+2.13676j,0.48122+2.13676j,1.96792+1.47592j
"v0457(,)",0.03876+2.76214j,0.48122+2.13676j,2.49221+3.12192j
"v0458(,)",0.03793+1.84524j,0.4792-2.13285j,2.50455+2.90467j
"v0458(,)",0.4792-2.13285j,0.4792-2.13285j,1.96793-1.48154j
"v0460(,)",0.4764-2.13082j,0.4764-2.13082j,1.97266+1.88181j
"v0461(,)",0.48102-2.13866j,0.48102-2.13866j,1.96593+1.88927j
"v0463(,)",0.0371+2.75854j,0.47922-2.14339j,2.52512+0.24993j
"v0463(,)",0.47922-2.14339j,0.47922-2.14339j,1.96673+1.8946j
"v0464(,)",0.03648+2.27115j,0.48003+2.14183j,2.52197-0.32909j
"v0464(,)",0.48003+2.14183j,0.48003+2.14183j,1.97209+1.47073j
"v0465(,)",0.03614+2.39836j,0.46579-2.13397j,2.54164+1.77156j
"v0465(,)",0.46579-2.13397j,0.46579-2.13397j,1.98367+1.88813j
"v0467(,)",0.46962+2.1456j,0.46962+2.1456j,1.98678+1.47195j
"v0467(,)",0.03531+2.29926j,0.46962+2.1456j,2.54185+2.05529j
"v0470(,)",0.03491+1.84744j,0.47591+2.1454j,2.55752-0.48792j
"v0470(,)",0.47591+2.1454j,0.47591+2.1454j,1.96962-1.89747j
"v0471(,)",0.03498-1.69443j,0.48038+2.13965j,2.55312-0.00885j
"v0471(,)",0.48038+2.13965j,0.48038+2.13965j,1.96639-1.89045j
"v0472(,)",0.03469-1.69806j,0.48004-2.14073j,2.54734+0.26567j
"v0472(,)",0.48004-2.14073j,0.48004-2.14073j,1.97149-1.47201j
"v0473(,)",0.46514+2.14037j,0.46514+2.14037j,1.98927+1.48115j
"v0473(,)",0.03474+2.39516j,0.46514+2.14037j,2.55292+1.59887j
"v0476(,)",0.47307-2.14585j,0.47307-2.14585j,1.97239+1.8987j
"v0476(,)",0.0338-2.59299j,0.47307-2.14585j,2.57494-2.46796j
"v0477(,)",0.03372-2.61232j,0.47308+2.14584j,2.56336+2.28066j
"v0477(,)",0.47308+2.14584j,0.47308+2.14584j,1.98262+1.46973j
"v0478(,)",0.03393-1.74647j,0.4781-2.13297j,2.56065+2.86541j
"v0478(,)",0.4781-2.13297j,0.4781-2.13297j,1.96926-1.48206j
"v0479(,)",0.48008+2.13759j,0.48008+2.13759j,1.96969+1.47562j
"v0479(,)",0.03328+1.86094j,0.48008+2.13759j,2.56862+3.08082j
"v0480(,)",0.03298+2.43818j,0.4756+2.1315j,2.5761+0.46877j
"v0480(,)",0.4756+2.1315j,0.4756+2.1315j,1.97121+1.48526j
"v0482(,)",0.47622+2.13207j,0.47622+2.13207j,1.97258-1.88324j
"v0482(,)",0.03192-2.41985j,0.47622+2.13207j,2.59857-2.54121j
"v0483(,)",0.03213+1.85773j,0.47867-2.14224j,2.59694+0.21014j
"v0483(,)",0.47867-2.14224j,0.47867-2.14224j,1.96758+1.89354j
"v0485(,)",0.47509+2.14481j,0.47509+2.14481j,1.97061-1.89709j
"v0485(,)",0.03111-1.74472j,0.47509+2.14481j,2.61527+2.61795j
"v0487(,)",0.47719-2.13318j,0.47719-2.13318j,1.97043-1.48237j
"v0487(,)",0.03046-2.64551j,0.47719-2.13318j,2.61494+2.83033j
"v0489(,)",0.02989+2.43759j,0.47269-2.14498j,2.63648-2.44369j
"v0489(,)",0.47269-2.14498j,0.47269-2.14498j,1.97302+1.89792j
"v0490(,)",0.47357+2.1317j,0.47357+2.1317j,1.9756-1.88346j
"v0490(,)",0.0296+2.40778j,0.47357+2.1317j,2.63739-2.35j
"v0493(,)",0.029-2.42076j,0.47334-2.14475j,2.63889-2.30578j
"v0493(,)",0.47334-2.14475j,0.47334-2.14475j,1.98171-1.47091j
"v0494(,)",0.02882-1.73293j,0.4791+2.13814j,2.64096-0.09598j
"v0494(,)",0.4791+2.13814j,0.4791+2.13814j,1.97114+1.47555j
"v0498(,)",0.47876-2.13983j,0.47876-2.13983j,1.97248-1.47377j
"v0498(,)",0.02818-2.60411j,0.47876-2.13983j,2.65193+0.22972j
"v0499(,)",0.47811-2.14136j,0.47811-2.14136j,1.96836+1.89276j
"v0499(,)",0.02803-1.73577j,0.47811-2.14136j,2.66531+0.17571j
"v0500(,)",0.47543-2.14388j,0.47543-2.14388j,1.9705+1.89604j
"v0500(,)",0.02793+2.31578j,0.47543-2.14388j,2.66886+0.47125j
"v0501(,)",0.47444+2.14425j,0.47444+2.14425j,1.97142-1.89669j
"v0501(,)",0.02785-2.64412j,0.47444+2.14425j,2.67082-0.55554j
"v0503(,)",0.02679+2.40794j,0.47122-2.14413j,2.67944+1.00848j
"v0503(,)",0.47122-2.14413j,0.47122-2.14413j,1.98395-1.47287j
"v0505(,)",0.4774+2.14159j,0.4774+2.14159j,1.96905-1.89317j
"v0505(,)",0.02589+2.30737j,0.4774+2.14159j,2.7053+2.91857j
"v0506(,)",0.47826+2.1385j,0.47826+2.1385j,1.97231+1.4756j
"v0506(,)",0.02514-2.6338j,0.47826+2.1385j,2.70939+3.01519j
"v0507(,)",0.02493+2.39303j,0.47654-2.13429j,2.71525+2.85375j
"v0507(,)",0.47654-2.13429j,0.47654-2.13429j,1.97184-1.48148j
"v0510(,)",0.47759-2.14069j,0.47759-2.14069j,1.96907+1.89218j
"v0510(,)",0.02461-2.63632j,0.47759-2.14069j,2.73032-2.9959j
"v0511(,)",0.47802-2.1394j,0.47802-2.1394j,1.96892+1.89072j
"v0511(,)",0.02459-2.4306j,0.47802-2.1394j,2.73027+0.02273j
"v0512(,)",0.02447-2.42807j,0.47789+2.13984j,2.72285-0.25053j
"v0512(,)",0.47789+2.13984j,0.47789+2.13984j,1.97351+1.47425j
"v0513(,)",0.47432+2.14311j,0.47432+2.14311j,1.97186-1.89554j
"v0513(,)",0.02285+2.39428j,0.47432+2.14311j,2.76957+2.60732j
"v0517(,)",0.47666-2.14042j,0.47666-2.14042j,1.97011+1.89213j
"v0517(,)",0.02039+2.40084j,0.47666-2.14042j,2.82483+0.16314j
"v0594(,)",0.4099-1.88006j,0.4099-1.88006j,2.13549+0.62662j
"v0595(,)",0.09029+2.27308j,0.39561-2.58167j,2.1696-2.8719j
"v0595(,)",0.39561-2.58167j,0.39561-2.58167j,2.13309-0.28373j
"v0602(,)",0.38921+2.55501j,0.38921+2.55501j,2.16242+0.36914j
"v0602(,)",0.08691+2.27079j,0.38921+2.55501j,2.20139-2.47624j
"v0612(,)",0.38605-1.87549j,0.38605-1.87549j,2.16565-2.73906j
"v0613(,)",0.39083+2.5843j,0.39083+2.5843j,2.14779+0.27377j
"v0618(,)",0.38352+1.8916j,0.38352+1.8916j,2.16287+2.71233j
"v0621(,)",0.3843+2.55478j,0.3843+2.55478j,2.17876+0.36824j
"v0621(,)",0.08125+1.68764j,0.3843+2.55478j,2.23932-2.32835j
"v0624(,)",0.06589+2.43026j,0.40849-1.88226j,2.3105-0.26112j
"v0624(,)",0.40849-1.88226j,0.40849-1.88226j,2.13639+0.63279j
"v0625(,)",0.40212-1.87402j,0.40212-1.87402j,2.15826+0.62079j
"v0643(,)",0.40306-1.87595j,0.40306-1.87595j,2.15441+0.62417j
"v0656(,)",0.3729+1.30628j,0.3729+1.30628j,2.1777-0.89898j
"v0659(,)",0.39891-1.87487j,0.39891-1.87487j,2.1646+0.62561j
"v0664(,)",0.39626+1.87463j,0.39626+1.87463j,2.14939+2.74532j
"v0668(,)",0.38703-2.58232j,0.38703-2.58232j,2.16071-0.27899j
"v0668(,)",0.0672+2.59169j,0.38703-2.58232j,2.32434-2.62746j
"v0670(,)",0.38687-2.58228j,0.38687-2.58228j,2.1386+2.59404j
"v0671(,)",0.39219+1.89543j,0.39219+1.89543j,2.14746+2.70926j
"v0674(,)",0.36993-2.57188j,0.36993-2.57188j,2.19007+2.58025j
"v0675(,)",0.39108+1.87647j,0.39108+1.87647j,2.15706+2.73984j
"v0678(,)",0.3701+2.56909j,0.3701+2.56909j,2.19187-2.57257j
"v0680(,)",0.38189-2.55792j,0.38189-2.55792j,2.18565-0.35703j
"v0680(,)",0.0643-2.59134j,0.38189-2.55792j,2.35762+2.24941j
"v0681(,)",0.37307-2.5622j,0.37307-2.5622j,2.21313-0.33979j
"v0682(,)",0.04856+2.38522j,0.40088+1.87735j,2.46785-2.51346j
"v0682(,)",0.40088+1.87735j,0.40088+1.87735j,2.15791-0.62932j
"v0683(,)",0.38842-1.89223j,0.38842-1.89223j,2.15478-2.71312j
"v0684(,)",0.30771+1.12828j,0.73439-2.16308j,1.27578+0.94513j
"v0685(,)",0.40497+1.88543j,0.40497+1.88543j,2.12989+2.73099j
"v0686(,)",0.37208-1.3081j,0.37208-1.3081j,2.18015+0.90554j
"v0686(,)",0.06393+2.43148j,0.37208-1.3081j,2.38225+3.03896j
"v0689(,)",0.40376-1.88993j,0.40376-1.88993j,2.13014-2.72281j
"v0690(,)",0.37123-2.57398j,0.37123-2.57398j,2.21483-0.30066j
"v0691(,)",0.40462-1.88391j,0.40462-1.88391j,2.13114-2.73344j
"v0692(,)",0.37069+2.57049j,0.37069+2.57049j,2.21785+0.31181j
"v0695(,)",0.37065+1.30612j,0.37065+1.30612j,2.17109+1.96294j
"v0696(,)",0.39686-1.87657j,0.39686-1.87657j,2.14748-2.74236j
"v0697(,)",0.40273+1.89104j,0.40273+1.89104j,2.13146+2.72053j
"v0700(,)",0.37483+2.56167j,0.37483+2.56167j,2.20755+0.34219j
"v0702(,)",0.05929+2.43645j,0.38754+2.5804j,2.38707-0.46184j
"v0702(,)",0.38754+2.5804j,0.38754+2.5804j,2.15967+0.28536j
"v0704(,)",0.39337+1.89394j,0.39337+1.89394j,2.14605+2.71214j
"v0705(,)",0.38521-2.58082j,0.38521-2.58082j,2.14377+2.5916j
"v0706(,)",0.05677+2.43704j,0.38299-2.55937j,2.41851-0.84308j
"v0706(,)",0.38299-2.55937j,0.38299-2.55937j,2.18152-0.35264j
"v0708(,)",0.40346+1.88623j,0.40346+1.88623j,2.13214+2.729j
"v0711(,)",0.05482+1.75752j,0.37646-2.56151j,2.44108+1.97357j
"v0711(,)",0.37646-2.56151j,0.37646-2.56151j,2.20223-0.34328j
"v0712(,)",0.38991-2.56322j,0.38991-2.56322j,2.14298+2.5436j
"v0713(,)",0.37247+2.56799j,0.37247+2.56799j,2.18628-2.56774j
"v0715(,)",0.37471-2.56364j,0.37471-2.56364j,2.18338+2.5543j
"v0717(,)",0.39032+2.57582j,0.39032+2.57582j,2.13438-2.57566j
"v0718(,)",0.37089-1.31321j,0.37089-1.31321j,2.17498-1.94084j
"v0719(,)",0.37791-2.56165j,0.37791-2.56165j,2.19742-0.34335j
"v0719(,)",0.05031+2.65363j,0.37791-2.56165j,2.48273-1.10911j
"v0721(,)",0.38386+2.56096j,0.38386+2.56096j,2.16034-2.54109j
"v0722(,)",0.40226-1.88573j,0.40226-1.88573j,2.13438-2.72935j
"v0723(,)",0.40153-1.88848j,0.40153-1.88848j,2.13451-2.7244j
"v0725(,)",0.37657+2.56317j,0.37657+2.56317j,2.17864-2.55171j
"v0726(,)",0.0468+2.32976j,0.37608-2.56376j,2.51985+1.88679j
"v0726(,)",0.37608-2.56376j,0.37608-2.56376j,2.20267-0.33576j
"v0729(,)",0.37367+2.56894j,0.37367+2.56894j,2.18234-2.56942j
"v0731(,)",0.38792-2.56381j,0.38792-2.56381j,2.14785+2.54628j
"v0735(,)",0.38441+2.56251j,0.38441+2.56251j,2.15794-2.54493j
"v0737(,)",0.04059+2.38557j,0.37827+2.56356j,2.58927-1.99819j
"v0737(,)",0.37827+2.56356j,0.37827+2.56356j,2.19556+0.33719j
"v0741(,)",0.37654+2.56565j,0.37654+2.56565j,2.17701-2.55847j
"v0743(,)",0.3865-2.56447j,0.3865-2.56447j,2.1512+2.54885j
"v0747(,)",0.38466+2.56379j,0.38466+2.56379j,2.15648-2.54817j
"v0756(,)",0.38616-2.56551j,0.38616-2.56551j,2.15148+2.5518j
"v0760(,)",0.38401-2.56471j,0.38401-2.56471j,2.15766+2.551j
"v0769(,)",0.39707+1.15243j,0.79413+2.30486j,1.14163-2.64587j
"v0831(,)",0.3255+2.35629j,0.3255+2.35629j,2.35602+0.25469j
"v0846(,)",0.32014+2.35847j,0.32014+2.35847j,2.37602+0.25292j
"v0859(,)",0.3172+2.35807j,0.3172+2.35807j,2.38539+0.2572j
"v0860(,)",0.31456+2.34178j,0.31456+2.34178j,2.35996-3.0813j
"v0864(,)",0.31213-2.35515j,0.31213-2.35515j,2.37647+3.11189j
"v0873(,)",0.31946-2.34227j,0.31946-2.34227j,2.34858+3.08598j
"v0875(,)",0.04504+2.386j,0.31913-2.35687j,2.62417+0.81806j
"v0875(,)",0.31913-2.35687j,0.31913-2.35687j,2.37776-0.25926j
"v0881(,)",0.31631+2.35635j,0.31631+2.35635j,2.36698-3.11835j
"v0894(,)",0.32355-2.35203j,0.32355-2.35203j,2.34542+3.11298j
"v0901(,)",0.77166+1.9131j,0.79585-2.00355j,1.14616-0.0008j
"v0902(,)",0.32317+2.34988j,0.32317+2.34988j,2.34485-3.1073j
"v0904(,)",0.32254+2.35192j,0.32254+2.35192j,2.34787-3.11196j
"v0961(,)",0.79174-2.03287j,0.79174-2.03287j,1.54583+0.95562j
"v0976(,)",0.71529-2.05833j,0.7364-2.00839j,0.94056-2.83948j
"v0990(,)",0.51157-2.1149j,0.56743+1.72926j,1.14079+1.06239j
"v1008(,)",0.71668-2.02799j,0.72152-2.0783j,0.9469-2.81638j
"v1021(,)",0.7325+2.03369j,0.77731+2.01368j,0.90871+2.8528j
"v1022(,)",0.50378+2.17521j,0.62278+1.7066j,1.11893-2.30582j
"v1024(,)",0.57808-2.13243j,0.62688+1.75105j,1.04354+1.03191j
"v1028(,)",0.74233-2.50397j,0.78399+1.79949j,0.90396+0.21118j
"v1029(,)",0.14392-2.77344j,0.7373-2.10627j,1.65357+1.03839j
"v1029(,)",0.78207-2.0887j,0.78207-2.0887j,1.61795+1.02666j
"v1029(,)",0.7373-2.10627j,0.7373-2.10627j,1.61933+1.05296j
"v1029(,)",0.7373-2.10627j,0.78207-2.0887j,0.89487+0.37336j
"v1052(,)",0.71399-2.07612j,0.75392-2.09609j,0.92682+0.36267j
"v1055(,)",0.58923+2.1886j,0.72041+1.73202j,0.99201-2.38171j
"v1059(,)",0.63397+1.8457j,0.63397+1.8457j,1.30827+0.76833j
"v1062(,)",0.79604-1.95013j,0.79604-1.95013j,1.69717-2.40735j
"v1062(,)",0.79604-1.95013j,0.79848+1.95925j,1.146-3.14153j
"v1069(,)",0.7762+2.03572j,0.7762+2.03572j,1.57113-0.9441j
"v1085(,)",0.11902-1.88739j,0.73094-2.09215j,1.75003+1.18252j
"v1085(,)",0.77035-2.08908j,0.77035-2.08908j,1.63529+1.01458j
"v1085(,)",0.73094-2.09215j,0.73094-2.09215j,1.6427+1.03494j
"v1085(,)",0.73094-2.09215j,0.77035-2.08908j,0.90649+0.36628j
"v1091(,)",0.71815-2.06007j,0.74403-2.08806j,0.93131-2.79291j
"v1094(,)",0.68971-2.50365j,0.73672+1.83101j,0.9681+0.20221j
"v1108(,)",0.7893+2.04248j,0.7893+2.04248j,1.58938-0.90597j
"v1108(,)",0.75465+2.03513j,0.7893+2.04248j,0.88796-0.30386j
"v1108(,)",0.75465+2.03513j,0.75465+2.03513j,1.60109-0.92147j
"v1114(,)",0.62627+2.45939j,0.70465-1.90899j,1.03738+3.00831j
"v1117(,)",0.09801+2.28766j,0.73824-2.08897j,1.84452+1.13121j
"v1117(,)",0.77029-2.08306j,0.77029-2.08306j,1.62892+1.00586j
"v1117(,)",0.73824-2.08897j,0.73824-2.08897j,1.63326+1.02319j
"v1117(,)",0.73824-2.08897j,0.77029-2.08306j,0.90274+0.3604j
"v1121(,)",0.73073+2.08056j,0.73073+2.08056j,1.65313-1.01558j
"v1121(,)",0.73073+2.08056j,0.76221+2.08576j,0.91228-0.35791j
"v1121(,)",0.09641-1.69947j,0.73073+2.08056j,1.85475-1.30091j
"v1121(,)",0.76221+2.08576j,0.76221+2.08576j,1.64337-1.00104j
"v1126(,)",0.09268+2.42781j,0.78758-2.04968j,1.85429+2.98298j
"v1126(,)",0.78758-2.04968j,0.78758-2.04968j,1.58639+0.91856j
"v1126(,)",0.75875-2.03842j,0.75875-2.03842j,1.59866+0.93026j
"v1126(,)",0.75875-2.03842j,0.78758-2.04968j,0.88599+0.30963j
"v1136(,)",0.75018-2.03299j,0.75018-2.03299j,1.6591+0.92093j
"v1136(,)",0.73614-2.05756j,0.75018-2.03299j,0.91991+0.31426j
"v1136(,)",0.73614-2.05756j,0.73614-2.05756j,1.65005+0.93364j
"v1137(,)",0.73762+2.05374j,0.75574+2.03248j,0.91611-0.31145j
"v1137(,)",0.73762+2.05374j,0.73762+2.05374j,1.644-0.92988j
"v1137(,)",0.75574+2.03248j,0.75574+2.03248j,1.65043-0.91589j
"v1141(,)",0.76109-2.03348j,0.76109-2.03348j,1.64102+0.91346j
"v1141(,)",0.74-2.05056j,0.76109-2.03348j,0.91182+0.30984j
"v1141(,)",0.74-2.05056j,0.74-2.05056j,1.63738+0.92795j
"v1144(,)",0.74298+2.04826j,0.74298+2.04826j,1.63086-0.92785j
"v1144(,)",0.74298+2.04826j,0.76574+2.03576j,0.90749-0.30945j
"v1144(,)",0.76574+2.03576j,0.76574+2.03576j,1.63181-0.9136j
"v1145(,)",0.74076+2.07198j,0.74076+2.07198j,1.65889-0.95858j
"v1145(,)",0.73547+2.04708j,0.74076+2.07198j,0.9244+2.8105j
"v1145(,)",0.73547+2.04708j,0.73547+2.04708j,1.67256-0.95551j
"v1146(,)",0.73335+2.0725j,0.73335+2.0725j,1.65555-0.9998j
"v1146(,)",0.73335+2.0725j,0.75744+2.08148j,0.91421-0.35075j
"v1146(,)",0.07779-2.59849j,0.73335+2.0725j,1.96058-1.39666j
"v1146(,)",0.75744+2.08148j,0.75744+2.08148j,1.64557-0.98981j
"v1147(,)",0.74362-2.07386j,0.74362-2.07386j,1.65691+0.96427j
"v1147(,)",0.07279+1.82688j,0.73485-2.0516j,1.99163+1.81269j
"v1147(,)",0.73485-2.0516j,0.74362-2.07386j,0.92281+0.33471j
"v1147(,)",0.73485-2.0516j,0.73485-2.0516j,1.67006+0.96356j
"v1149(,)",0.56507+1.73935j,0.59459-2.01066j,1.10243-2.17468j
"v1150(,)",0.70505-2.48763j,0.76011+1.83644j,0.94634+0.18533j
"v1152(,)",0.61645+1.82748j,0.61645+1.82748j,1.33363-2.38841j
"v1155(,)",0.73763+2.07353j,0.75946+2.07885j,0.91059-0.34947j
"v1155(,)",0.73763+2.07353j,0.73763+2.07353j,1.64752-0.99792j
"v1155(,)",0.75946+2.07885j,0.75946+2.07885j,1.63988-0.98824j
"v1155(,)",0.06788+2.42946j,0.75946+2.07885j,2.273-0.79369j
"v1155(,)",0.06788+2.42946j,0.73763+2.07353j,2.02742-1.33891j
"v1156(,)",0.73527+2.05572j,0.74655+2.0749j,0.92062-0.33754j
"v1156(,)",0.73527+2.05572j,0.73527+2.05572j,1.66608-0.9701j
"v1156(,)",0.74655+2.0749j,0.74655+2.0749j,1.6539-0.96885j
"v1156(,)",0.06761+1.75923j,0.73527+2.05572j,2.02881-1.73536j
"v1160(,)",0.75466-2.03928j,0.75466-2.03928j,1.64699+0.92777j
"v1160(,)",0.06562+2.34986j,0.75466-2.03928j,2.03598+2.3226j
"v1160(,)",0.74175-2.05664j,0.75466-2.03928j,0.9139+0.31684j
"v1160(,)",0.74175-2.05664j,0.74175-2.05664j,1.64131+0.93824j
"v1162(,)",0.52776-1.76681j,0.61868+2.04793j,1.11793-0.97076j
"v1163(,)",0.06208+2.37253j,0.76179+2.04068j,2.06166+0.65551j
"v1163(,)",0.76179+2.04068j,0.76179+2.04068j,1.63437-0.92454j
"v1163(,)",0.74494+2.0524j,0.74494+2.0524j,1.63243-0.93566j
"v1163(,)",0.74494+2.0524j,0.76179+2.04068j,0.90816-0.3147j
"v1164(,)",0.73646-2.05921j,0.73646-2.05921j,1.66128+0.97498j
"v1164(,)",0.73646-2.05921j,0.7493-2.0752j,0.91814+0.33955j
"v1164(,)",0.06223-2.65362j,0.73646-2.05921j,2.07013+1.6636j
"v1164(,)",0.7493-2.0752j,0.7493-2.0752j,1.65035+0.97222j
"v1166(,)",0.66159-2.47637j,0.7272+1.87247j,0.99744+0.16275j
"v1169(,)",0.18465-2.76716j,0.72545+2.35921j,1.55097-2.53538j
"v1173(,)",0.67035-2.37388j,0.74812+1.88564j,0.98695-3.05257j
"v1174(,)",0.65067+2.39296j,0.76543-1.86577j,0.98689-0.11232j
"v1176(,)",0.74608+2.07059j,0.74608+2.07059j,1.64997-0.96231j
"v1176(,)",0.05717+2.33323j,0.7402+2.0527j,2.11076-1.84306j
"v1176(,)",0.7402+2.0527j,0.74608+2.07059j,0.91838-0.33307j
"v1176(,)",0.7402+2.0527j,0.7402+2.0527j,1.66026-0.96114j
"v1177(,)",0.65053+2.44186j,0.67328+2.02001j,1.29069-0.44029j
"v1185(,)",0.61513-1.83567j,0.62261+2.04298j,1.04958-0.90328j
"v1186(,)",0.51776+2.07011j,0.62027-1.84434j,1.10573+2.21259j
"v1187(,)",0.74076-2.05821j,0.74076-2.05821j,1.65493+0.96984j
"v1187(,)",0.74076-2.05821j,0.74998-2.07196j,0.91546+0.33684j
"v1187(,)",0.05018+2.38486j,0.74998-2.07196j,2.42419+1.16706j
"v1187(,)",0.05018+2.38486j,0.74076-2.05821j,2.17623+1.70742j
"v1187(,)",0.74998-2.07196j,0.74998-2.07196j,1.64594+0.96838j
"v1192(,)",0.664+2.36964j,0.79407-1.96934j,0.96729-0.03457j
"v1193(,)",0.7259-2.38569j,0.76055+1.93546j,0.94892-3.0796j
"v1196(,)",0.53882+2.09283j,0.58098-1.85412j,1.12097+2.21083j
"v1197(,)",0.62172-2.56773j,0.75053-2.06621j,1.24432-2.62664j
"v1201(,)",0.64044+2.42052j,0.74104-1.93664j,1.00978-0.08897j
"v1202(,)",0.1517-1.89258j,0.69988+2.3644j,1.65919-2.34965j
"v1206(,)",0.1476-2.74398j,0.7955-1.94392j,1.66229+0.817j
"v1206(,)",0.73467+2.42599j,0.7955-1.94392j,0.9193+3.06389j
"v1210(,)",0.61125-1.81095j,0.61125-1.81095j,1.35399-0.75161j
"v1214(,)",0.70597+2.38071j,0.75582-1.91798j,0.96272-0.07137j
"v1215(,)",0.65514-2.42727j,0.79949+1.86973j,0.96227+0.12985j
"v1216(,)",0.57125-2.49775j,0.68997-2.08933j,1.35326+0.40108j
"v1218(,)",0.49382+2.22539j,0.68723+1.84686j,1.10507-2.45643j
"v1220(,)",0.65662+2.451j,0.73771-1.89873j,0.99774+3.01125j
"v1221(,)",0.55075+1.82934j,0.55301-2.01044j,1.14776-2.24495j
"v1224(,)",0.58511+1.8403j,0.59459-2.01931j,1.0926-2.25199j
"v1229(,)",0.59839-1.78243j,0.59839-1.78243j,1.39052+2.39716j
"v1232(,)",0.65633+2.39187j,0.77325-1.95353j,0.98274+3.08286j
"v1233(,)",0.72985-2.41324j,0.78455+1.9392j,0.92985-3.06749j
"v1235(,)",0.52435-2.20983j,0.6467-1.85844j,1.11034+2.46338j
"v1238(,)",0.66623+2.45513j,0.74408-1.88919j,0.98694+3.00394j
"v1239(,)",0.12572+2.28688j,0.70497+2.37484j,1.75128-2.42018j
"v1239(,)",0.70497+2.37484j,0.70497+2.37484j,1.72459+0.26812j
"v1242(,)",0.52805-2.08019j,0.56296+1.76477j,1.14362-2.1388j
"v1244(,)",0.52132-2.06395j,0.54999+1.77424j,1.16318-2.15685j
"v1245(,)",0.64167+2.46799j,0.64475+2.57153j,1.03935-0.50397j
"v1247(,)",0.47071-1.84074j,0.56061-1.87274j,1.20582+1.67333j
"v1248(,)",0.68575+2.37628j,0.68575+2.37628j,1.76549+0.26923j
"v1248(,)",0.12059+1.68912j,0.68575+2.37628j,1.77973-2.20356j
"v1250(,)",0.56698-2.29007j,0.60911-1.77079j,1.12059+2.45592j
"v1254(,)",0.5361-2.30277j,0.63874-1.7551j,1.12076+2.45329j
"v1255(,)",0.58214-2.09348j,0.60994+1.78116j,1.06661-2.15771j
"v1256(,)",0.60403+1.78795j,0.60403+1.78795j,1.38256-2.39211j
"v1257(,)",0.59521-2.08347j,0.61445+1.79466j,1.05783-2.17763j
"v1265(,)",0.72166+2.40568j,0.77809-1.93181j,0.9389+3.06635j
"v1265(,)",0.72166+2.40568j,0.72166+2.40568j,1.74429+0.20946j
"v1267(,)",0.55009-2.0227j,0.60957+1.76985j,1.09879+0.95176j
"v1269(,)",0.53649+2.03322j,0.62068-1.78892j,1.09881-0.94545j
"v1270(,)",0.67178-2.49961j,0.71458-2.02121j,1.29624-2.77797j
"v1272(,)",0.72293+2.41754j,0.78856-1.93323j,0.93079+3.06086j
"v1272(,)",0.72293+2.41754j,0.72293+2.41754j,1.73422+0.201j
"v1272(,)",0.78856-1.93323j,0.78856-1.93323j,1.82252+0.75161j
"v1272(,)",0.10482+2.30691j,0.78856-1.93323j,1.83364+0.91724j
"v1273(,)",0.68772-2.4475j,0.68772-2.4475j,1.74007-0.1497j
"v1278(,)",0.56774-2.2957j,0.68487-1.85246j,1.07396+2.52789j
"v1280(,)",0.67016+2.51544j,0.7241+2.02548j,1.27513-0.38436j
"v1283(,)",0.46306-1.91026j,0.54482-1.93027j,1.21088+1.78017j
"v1287(,)",0.60022+2.06823j,0.61083-1.80784j,1.06117+2.19805j
"v1290(,)",0.67981-2.38766j,0.67981-2.38766j,1.7805-0.24614j
"v1290(,)",0.67981-2.38766j,0.79749+1.94296j,0.95377-3.08137j
"v1290(,)",0.09508-2.5866j,0.67981-2.38766j,1.90098+2.08906j
"v1290(,)",0.79749+1.94296j,0.79749+1.94296j,1.8359-0.72326j
"v1298(,)",0.68495-2.39453j,0.76797+1.89851j,0.96596+0.09194j
"v1299(,)",0.67002+2.40832j,0.78084-1.88421j,0.96585-0.10919j
"v1303(,)",0.77563+1.92459j,0.77563+1.92459j,1.8543-0.73499j
"v1303(,)",0.71357-2.40279j,0.77563+1.92459j,0.94503-3.06287j
"v1303(,)",0.71357-2.40279j,0.71357-2.40279j,1.75289-0.20561j
"v1305(,)",0.50562+2.21784j,0.62039+1.75673j,1.14022-2.38032j
"v1306(,)",0.66169-2.52762j,0.73018-2.03314j,1.26653+0.41047j
"v1310(,)",0.69006+2.39451j,0.76803-1.90325j,0.9631-0.08876j
"v1311(,)",0.66958-2.41329j,0.78563+1.88378j,0.96293+0.11234j
"v1312(,)",0.54477-1.81349j,0.58379+2.08029j,1.12566-0.95248j
"v1314(,)",0.68538-2.38962j,0.68538-2.38962j,1.76898-0.24086j
"v1314(,)",0.0845+2.43796j,0.68538-2.38962j,1.95775+2.1612j
"v1318(,)",0.69463-2.39585j,0.76932+1.90744j,0.95972-3.05492j
"v1319(,)",0.67047+2.41783j,0.79002-1.88467j,0.9595+3.02722j
"v1321(,)",0.53211-2.06692j,0.55978+1.77698j,1.14657-2.15935j
"v1323(,)",0.55386+1.82493j,0.57144-2.08487j,1.12524-2.19512j
"v1324(,)",0.49291+2.23337j,0.60402+1.77365j,1.16926-2.40115j
"v1325(,)",0.53527-2.03845j,0.54926+1.80039j,1.15826-2.19964j
"v1329(,)",0.71236-2.40766j,0.71236-2.40766j,1.75017-0.20083j
"v1329(,)",0.71236-2.40766j,0.78+1.92356j,0.94265+0.0821j
"v1329(,)",0.07842+2.41946j,0.78+1.92356j,1.97939+1.98971j
"v1329(,)",0.78+1.92356j,0.78+1.92356j,1.8446-0.73167j
"v1330(,)",0.67984+2.4361j,0.67984+2.4361j,1.75521+0.15325j
"v1331(,)",0.57096+2.23292j,0.69452+1.78087j,1.04363-2.4367j
"v1334(,)",0.7669-1.92436j,0.7669-1.92436j,1.85246+0.69401j
"v1334(,)",0.66608+2.417j,0.7669-1.92436j,0.97783-0.09144j
"v1334(,)",0.66608+2.417j,0.66608+2.417j,1.81514+0.1851j
"v1337(,)",0.69829+2.39816j,0.77147-1.91077j,0.95625+3.0559j
"v1337(,)",0.69829+2.39816j,0.69829+2.39816j,1.7685+0.19783j
"v1338(,)",0.79361+1.88653j,0.79361+1.88653j,1.82443-0.64704j
"v1338(,)",0.67235-2.42157j,0.79361+1.88653j,0.956+0.11531j
"v1338(,)",0.67235-2.42157j,0.67235-2.42157j,1.77216-0.15971j
"v1339(,)",0.07494+1.80914j,0.66738+2.41269j,2.02487-1.62621j
"v1339(,)",0.77071-1.92755j,0.77071-1.92755j,1.85089+0.69836j
"v1339(,)",0.66738+2.41269j,0.66738+2.41269j,1.81169+0.19429j
"v1339(,)",0.66738+2.41269j,0.77071-1.92755j,0.97516+3.05499j
"v1341(,)",0.65044+2.53364j,0.73203+2.04148j,1.26961-0.43413j
"v1342(,)",0.58481+2.08014j,0.60541-1.79208j,1.07196+2.17509j
"v1343(,)",0.59665-2.0551j,0.60226+1.81555j,1.07259-2.21119j
"v1344(,)",0.59649+2.52715j,0.7174+2.07739j,1.33982-0.51576j
"v1345(,)",0.60266-2.5339j,0.72348-2.07425j,1.32121+0.51251j
"v1349(,)",0.77499+1.92962j,0.77499+1.92962j,1.8484-0.70202j
"v1349(,)",0.07216+1.77555j,0.66957-2.40899j,2.04293+1.70652j
"v1349(,)",0.66957-2.40899j,0.77499+1.92962j,0.97157+0.08275j
"v1349(,)",0.66957-2.40899j,0.66957-2.40899j,1.80634-0.20198j
"v1357(,)",0.61086+2.53785j,0.7278+2.06914j,1.30555-0.50276j
"v1359(,)",0.71806-2.03023j,0.71806-2.03023j,1.69913-2.07069j
"v1359(,)",0.66053-2.50894j,0.71806-2.03023j,1.29579+0.39112j
"v1360(,)",0.6724+2.40609j,0.6724+2.40609j,1.79977+0.2078j
"v1360(,)",0.6724+2.40609j,0.77936-1.93057j,0.96745+3.06156j
"v1360(,)",0.06867-2.66819j,0.77936-1.93057j,2.15983+0.97653j
"v1360(,)",0.06867-2.66819j,0.6724+2.40609j,2.06659-1.78363j
"v1360(,)",0.77936-1.93057j,0.77936-1.93057j,1.84528+0.70481j
"v1361(,)",0.61151+2.47422j,0.68363+2.0544j,1.32404+2.71816j
"v1362(,)",0.68947-2.40003j,0.77314+1.90264j,0.96+0.09223j
"v1362(,)",0.68947-2.40003j,0.68947-2.40003j,1.77415-0.18979j
"v1362(,)",0.77314+1.90264j,0.77314+1.90264j,1.86447-0.68663j
"v1363(,)",0.67501+2.4132j,0.78553-1.889j,0.95987-0.10881j
"v1363(,)",0.67501+2.4132j,0.67501+2.4132j,1.77613+0.16851j
"v1363(,)",0.78553-1.889j,0.78553-1.889j,1.84091+0.65442j
"v1364(,)",0.5756-2.03134j,0.57722+1.76834j,1.10619+0.95797j
"v1369(,)",0.50713+2.29062j,0.61556+1.84156j,1.16523-2.50189j
"v1375(,)",0.575+2.25249j,0.69717+1.80372j,1.04679-2.46753j
"v1376(,)",0.60312+2.48129j,0.6863+2.06206j,1.33157+2.72198j
"v1378(,)",0.60944-2.39343j,0.67097+2.33024j,1.3472+3.1191j
"v1381(,)",0.61946-2.53844j,0.72976-2.06321j,1.29529-2.65264j
"v1383(,)",0.77487-1.90823j,0.77487-1.90823j,1.8595+0.69853j
"v1383(,)",0.06081+2.38404j,0.77487-1.90823j,2.10517+1.59566j
"v1383(,)",0.69553+2.40188j,0.77487-1.90823j,0.95546+3.05212j
"v1383(,)",0.69553+2.40188j,0.69553+2.40188j,1.76793+0.19281j
"v1384(,)",0.67623-2.41928j,0.79134+1.89022j,0.95527-3.0301j
"v1384(,)",0.67623-2.41928j,0.67623-2.41928j,1.77067-0.16444j
"v1384(,)",0.79134+1.89022j,0.79134+1.89022j,1.82822-0.6555j
"v1384(,)",0.06081+2.38404j,0.79134+1.89022j,2.09792+0.67813j
"v1385(,)",0.53051-1.92417j,0.53191-1.84765j,1.17577+1.71767j
"v1386(,)",0.55103-1.78836j,0.5897+2.05724j,1.11756-0.95867j
"v1387(,)",0.63275+2.47486j,0.6896+2.04034j,1.318-0.43834j
"v1387(,)",0.6896+2.04034j,0.6896+2.04034j,1.74946+2.10068j
"v1388(,)",0.53951-2.29692j,0.65242-1.85147j,1.1163+2.5209j
"v1389(,)",0.53689+2.04627j,0.55399-1.79509j,1.15197+2.18994j
"v1393(,)",0.53904+2.05898j,0.60318-1.81754j,1.10779+2.20177j
"v1394(,)",0.56837-2.03113j,0.58513+1.77127j,1.10486+0.95568j
"v1395(,)",0.05801+2.34731j,0.67288-2.41531j,2.15059+1.59547j
"v1395(,)",0.05801+2.34731j,0.77418+1.92179j,2.24552+1.97776j
"v1395(,)",0.77418+1.92179j,0.77418+1.92179j,1.84543-0.69534j
"v1395(,)",0.67288-2.41531j,0.67288-2.41531j,1.80015-0.1878j
"v1395(,)",0.67288-2.41531j,0.77418+1.92179j,0.96925+0.09115j
"v1401(,)",0.50545-1.93016j,0.55063-1.87139j,1.17751-1.39957j
"v1404(,)",0.67582+2.41034j,0.67582+2.41034j,1.79306+0.19809j
"v1404(,)",0.67582+2.41034j,0.77992-1.92457j,0.96448+3.05562j
"v1404(,)",0.05432+2.37271j,0.77992-1.92457j,2.27607+1.02254j
"v1404(,)",0.05432+2.37271j,0.67582+2.41034j,2.18233-1.73664j
"v1404(,)",0.77992-1.92457j,0.77992-1.92457j,1.84209+0.7002j
"v1407(,)",0.64976+2.52471j,0.72607+2.04028j,1.28413-0.42538j
"v1412(,)",0.59083-2.0609j,0.60074+1.80874j,1.07619-2.20122j
"v1416(,)",0.5403+2.05286j,0.6054-1.80985j,1.10599+2.19978j
"v1423(,)",0.50016+2.26711j,0.68297+1.79304j,1.11334+0.6913j
"v1424(,)",0.55418+2.07618j,0.5763-1.82678j,1.11796-0.9413j
"v1426(,)",0.55196-1.79609j,0.58574+2.06318j,1.11917-0.9562j
"v1428(,)",0.56703+2.03054j,0.56979-1.82028j,1.12086+2.22566j
"v1429(,)",0.57272-2.03197j,0.57462+1.82169j,1.11309-2.22661j
"v1430(,)",0.56241+2.03324j,0.59072-1.77628j,1.10443-0.95339j
"v1432(,)",0.60591+2.52588j,0.71837+2.07037j,1.33142-0.49799j
"v1435(,)",0.56132-2.03102j,0.56575+1.81744j,1.12782-2.2223j
"v1437(,)",0.62574-2.47874j,0.69039-2.04597j,1.32285+0.43473j
"v1437(,)",0.69039-2.04597j,0.69039-2.04597j,1.7568-2.09203j
"v1439(,)",0.5088+2.27921j,0.67186+1.77862j,1.11628+0.69096j
"v1440(,)",0.57758+2.03519j,0.5796-1.82145j,1.10555-0.91657j
"v1443(,)",0.59948-2.49865j,0.69761-2.06897j,1.34524-2.71923j
"v1443(,)",0.69761-2.06897j,0.69761-2.06897j,1.7793-2.05106j
"v1445(,)",0.54343-2.04809j,0.60454+1.80263j,1.10516+0.94403j
"v1447(,)",0.55487+2.23479j,0.61899+1.82573j,1.11723+0.68125j
"v1449(,)",0.61685-2.53096j,0.72407-2.06365j,1.3106-2.65644j
"v1450(,)",0.56273-2.24799j,0.61265-1.81165j,1.11868-0.6827j
"v1451(,)",0.50434+2.23375j,0.61734+1.77518j,1.14984-2.40676j
"v1452(,)",0.56716-2.26806j,0.68669-1.8208j,1.06485-0.65441j
"v1454(,)",0.55934-2.07592j,0.57117+1.82336j,1.11903+0.94341j
"v1456(,)",0.5693+2.03665j,0.58162-1.77683j,1.10682-0.95498j
"v1457(,)",0.55505+1.80186j,0.58082-2.0665j,1.1196+0.95373j
"v1458(,)",0.55826-2.03661j,0.59375+1.78198j,1.10469+0.95141j
"v1459(,)",0.69638+2.06506j,0.69638+2.06506j,1.77571+2.05796j
"v1459(,)",0.6039+2.49541j,0.69638+2.06506j,1.34148+2.71705j
"v1460(,)",0.46577-1.89245j,0.51187-1.85185j,1.24838+1.70307j
"v1463(,)",0.54741+2.04515j,0.60161-1.79711j,1.10512-0.94604j
"v1465(,)",0.69233+2.05003j,0.69233+2.05003j,1.76012+2.08378j
"v1465(,)",0.62139+2.48326j,0.62139+2.48326j,1.98832-3.1076j
"v1465(,)",0.62139+2.48326j,0.69233+2.05003j,1.32735-0.43313j
"v1469(,)",0.38689+2.48063j,0.60014+1.98264j,1.28833-1.18092j
"v1472(,)",0.56357+2.07431j,0.56786-1.8192j,1.11931-0.94544j
"v1473(,)",0.54512-2.0551j,0.59864+1.80958j,1.10795+0.94292j
"v1474(,)",0.56444-2.24827j,0.68549-1.79784j,1.06057+2.45659j
"v1476(,)",0.62736+2.48394j,0.69426+2.04619j,1.32593-0.43749j
"v1476(,)",0.62736+2.48394j,0.62736+2.48394j,1.98411-3.10581j
"v1476(,)",0.69426+2.04619j,0.69426+2.04619j,1.75198+2.08605j
"v1476(,)",0.07314+2.30054j,0.69426+2.04619j,2.0806-1.63275j
"v1479(,)",0.55762+1.79499j,0.55762+1.79499j,1.93722+2.23325j
"v1479(,)",0.55762+1.79499j,0.58163-2.05995j,1.11724+0.95519j
"v1480(,)",0.49995+2.26327j,0.60952+1.80919j,1.16872-2.45477j
"v1482(,)",0.69626-2.06166j,0.69626-2.06166j,1.77125-2.06269j
"v1482(,)",0.60818-2.49375j,0.69626-2.06166j,1.33893+0.4271j
"v1483(,)",0.47541-1.87291j,0.49657-1.92608j,1.24717+1.75072j
"v1484(,)",0.54387+2.54554j,0.61249+2.53298j,1.1341+2.57147j
"v1485(,)",0.56462-2.03632j,0.57053+1.81493j,1.12106-2.21722j
"v1486(,)",0.5722+2.03835j,0.57704-1.81677j,1.11059+2.21847j
"v1487(,)",0.55892-1.8055j,0.57623+2.06772j,1.11924+2.18987j
"v1493(,)",0.69462-2.0527j,0.69462-2.0527j,1.7609-2.07695j
"v1493(,)",0.61901-2.48752j,0.69462-2.0527j,1.33107-2.70878j
"v1493(,)",0.61901-2.48752j,0.61901-2.48752j,1.98824+3.11126j
"v1494(,)",0.57417-1.81907j,0.57417-1.81907j,1.9399-2.18957j
"v1494(,)",0.55899+2.07152j,0.57417-1.81907j,1.11722+2.19735j
"v1495(,)",0.58905+1.78356j,0.58905+1.78356j,1.89207+2.21582j
"v1495(,)",0.5613-2.03937j,0.58905+1.78356j,1.10619+0.95184j
"v1496(,)",0.56615+1.81504j,0.56663-2.07194j,1.11901+0.94715j
"v1497(,)",0.60753-2.49862j,0.60753-2.49862j,1.99106+3.12227j
"v1497(,)",0.60753-2.49862j,0.69949-2.06329j,1.34264+0.42818j
"v1497(,)",0.69949-2.06329j,0.69949-2.06329j,1.76915-2.05611j
"v1499(,)",0.4509-1.59278j,0.64576-2.06248j,1.21105+0.45204j
"v1501(,)",0.50625+2.01039j,0.55558+2.03679j,1.50047-1.18435j
"v1503(,)",0.54927+2.04883j,0.59753-1.80024j,1.10677+2.19577j
"v1504(,)",0.69682+2.05893j,0.69682+2.05893j,1.76673+2.06558j
"v1504(,)",0.61196+2.49324j,0.69682+2.05893j,1.33736+2.71196j
"v1504(,)",0.61196+2.49324j,0.61196+2.49324j,1.99046-3.11746j
"v1506(,)",0.52982-1.99593j,0.53036-2.05014j,1.50629+1.10115j
"v1509(,)",0.55587+2.27469j,0.67314+1.82735j,1.0842-2.49273j
"v1510(,)",0.50954+2.24448j,0.67043+1.82055j,1.11101-2.455j
"v1511(,)",0.46643+2.43478j,0.50226+2.03909j,1.26122-1.17069j
"v1519(,)",0.69681-2.05163j,0.69681-2.05163j,1.75647-2.07524j
"v1519(,)",0.05467+2.41401j,0.69681-2.05163j,2.22501+1.47098j
"v1519(,)",0.05467+2.41401j,0.62144-2.48988j,2.26614-0.83082j
"v1519(,)",0.62144-2.48988j,0.69681-2.05163j,1.33196+0.43526j
"v1519(,)",0.62144-2.48988j,0.62144-2.48988j,1.98582+3.11187j
"v1522(,)",0.56162-1.80265j,0.57532+2.06437j,1.11778-0.952j
"v1522(,)",0.56162-1.80265j,0.56162-1.80265j,1.94-2.22038j
"v1522(,)",0.57532+2.06437j,0.57532+2.06437j,1.9807-1.39546j
"v1523(,)",0.53218-2.23272j,0.64269-1.83125j,1.11355-0.68218j
"v1526(,)",0.5033-2.25679j,0.614-1.80193j,1.16083+2.44511j
"v1529(,)",0.50584-2.01743j,0.55629-2.02925j,1.49384+1.1734j
"v1530(,)",0.61327+2.49637j,0.69929+2.05877j,1.33918+2.71002j
"v1530(,)",0.61327+2.49637j,0.61327+2.49637j,1.98852-3.11885j
"v1530(,)",0.69929+2.05877j,0.69929+2.05877j,1.76323+2.06236j
"v1531(,)",0.56967+1.81352j,0.56967+1.81352j,1.94045+2.20011j
"v1531(,)",0.56464-2.06931j,0.56464-2.06931j,1.99126+1.38831j
"v1531(,)",0.56464-2.06931j,0.56967+1.81352j,1.11757-2.19468j
"v1532(,)",0.52444+2.04718j,0.53604+1.99847j,1.49922-1.11054j
"v1535(,)",0.53063-2.28007j,0.64679-1.77895j,1.118+2.45361j
"v1536(,)",0.50886-2.25106j,0.67183-1.81262j,1.11185+2.45386j
"v1537(,)",0.55156+2.26931j,0.62488+1.79081j,1.1186+0.68532j
"v1544(,)",0.47484-1.89989j,0.50282-1.85873j,1.24704+1.71538j
"v1546(,)",0.5376+2.23557j,0.63718+1.82733j,1.11465+0.68225j
"v1549(,)",0.55519+2.26781j,0.67299+1.8194j,1.08262+0.65946j
"v1551(,)",0.50779+2.02334j,0.55429+2.02287j,1.49201-1.16226j
"v1556(,)",0.4843-1.86967j,0.49087-1.91691j,1.24605+1.73966j
"v1557(,)",0.52563+2.27766j,0.65246+1.78138j,1.11736-2.45319j
"v1558(,)",0.5204-2.04301j,0.54047-2.00249j,1.4961+1.12042j
"v1560(,)",0.55237-2.26324j,0.62394-1.79699j,1.11829+2.45685j
"v1561(,)",0.49255-1.86016j,0.53429-1.88613j,1.20696+1.70046j
"v1568(,)",0.51051+2.25666j,0.67013+1.80575j,1.11291-2.45331j
"v1570(,)",0.50163+1.85813j,0.53294+1.89493j,1.20003-1.70529j
"v1579(,)",0.54121-2.2396j,0.63383-1.82253j,1.11547+2.45897j
"v1581(,)",0.54746+2.49289j,0.56969+2.44402j,1.19035-0.46281j
"v1582(,)",0.52214-2.27419j,0.65654-1.78517j,1.11663+2.45302j
"v1584(,)",0.51147+2.01686j,0.55027+2.02971j,1.50334-1.16956j
"v1588(,)",0.51103-2.02748j,0.55083-2.01846j,1.49376+1.15293j
"v1590(,)",0.52477-2.27808j,0.63703-1.82852j,1.13329+2.48712j
"v1591(,)",0.52742-2.04264j,0.53331-2.00328j,1.50758+1.11539j
"v1592(,)",0.5787+2.45837j,0.63523+2.46921j,1.1206-0.43986j
"v1593(,)",0.55105+2.25799j,0.6251+1.80242j,1.11785-2.45728j
"v1594(,)",0.51822+2.03855j,0.54297+2.007j,1.49621-1.12931j
"v1596(,)",0.46284-2.44752j,0.56325-1.96481j,1.23477+1.12663j
"v1597(,)",0.52921+2.2788j,0.64209+1.82973j,1.12654+0.65188j
"v1598(,)",0.52076+2.27612j,0.63255+1.82589j,1.13903-2.48268j
"v1599(,)",0.48512-1.904j,0.52947-1.90577j,1.20995-1.38762j
"v1602(,)",0.51032-1.86008j,0.5282-1.90177j,1.19598+1.71206j
"v1604(,)",0.49014-1.90878j,0.53311-1.89817j,1.20324+1.75051j
"v1606(,)",0.53358-2.27821j,0.64719-1.82942j,1.11951+2.49024j
"v1607(,)",0.51396+2.25064j,0.66567+1.81276j,1.11255-2.45464j
"v1609(,)",0.6464+2.41204j,0.69045-2.37027j,1.33491+3.07138j
"v1612(,)",0.51346-2.26057j,0.66673-1.80097j,1.11386+2.45324j
"v1615(,)",0.53488-2.23957j,0.64068-1.82334j,1.11452-0.68307j
"v1618(,)",0.52019+2.27041j,0.65887+1.78944j,1.11596-2.4531j
"v1621(,)",0.65512-2.41379j,0.69173+2.37958j,1.31828-3.08425j
"v1623(,)",0.49648+1.91113j,0.53327+1.89002j,1.1987-1.74495j
"v1624(,)",0.54299+2.24384j,0.63243+1.8178j,1.116-2.45848j
"v1630(,)",0.52824-2.27369j,0.64969-1.78591j,1.11708+2.45382j
"v1633(,)",0.54849-2.2542j,0.62752-1.80647j,1.11734+2.45753j
"v1634(,)",0.5473+2.26328j,0.62917+1.79709j,1.11782-2.45651j
"v1635(,)",0.63561-2.3662j,0.64312+2.35848j,1.34698-0.00275j
"v1636(,)",0.54244-2.52236j,0.59509-2.53004j,1.15545-2.58983j
"v1639(,)",0.43727+1.53021j,0.64498+1.99919j,1.23214-0.34133j
"v1641(,)",0.51404-2.02466j,0.54766-2.02145j,1.50092-1.98664j
"v1642(,)",0.52196+2.03706j,0.53916+2.00871j,1.50339-1.12865j
"v1643(,)",0.51671+1.86492j,0.52192+1.90549j,1.19503-1.71899j
"v1646(,)",0.43917-1.58905j,0.64296-2.03964j,1.22814+0.4332j
"v1647(,)",0.49392+2.24892j,0.58005-2.01411j,1.51212+0.8657j
"v1648(,)",0.66319+2.41201j,0.68928-2.38783j,1.30902+3.10113j
"v1649(,)",0.45963-2.2459j,0.51341+2.44866j,1.27539-0.95011j
"v1650(,)",0.50272-1.91085j,0.5304-1.88316j,1.19684+1.73875j
"v1653(,)",0.66348-1.8039j,0.66348-1.8039j,1.92267-2.09937j
"v1653(,)",0.51614-2.25803j,0.66348-1.8039j,1.11384-0.68766j
"v1654(,)",0.40779-1.54725j,0.65791-2.0383j,1.255+0.38364j
"v1655(,)",0.52507+2.27274j,0.63784+1.82237j,1.13103+0.66283j
"v1659(,)",0.53104-2.27366j,0.64465-1.82395j,1.12193+2.48227j
"v1660(,)",0.50001-1.86539j,0.52711-1.89103j,1.20579+1.70873j
"v1661(,)",0.53961+2.24499j,0.63615+1.81692j,1.11561-2.45809j
"v1661(,)",0.63615+1.81692j,0.63615+1.81692j,1.97745+2.11055j
"v1662(,)",0.65508+1.79103j,0.65508+1.79103j,1.91915+2.12619j
"v1662(,)",0.52353+2.26906j,0.65508+1.79103j,1.1161-2.45366j
"v1665(,)",0.60998+2.47545j,0.62349+2.52419j,1.09035-0.48849j
"v1668(,)",0.54557-2.25649j,0.6307-1.80425j,1.11717-0.6845j
"v1668(,)",0.6307-1.80425j,0.6307-1.80425j,1.97091-2.13732j
"v1674(,)",0.56483+2.47031j,0.61022+2.45536j,1.14902+2.69596j
"v1675(,)",0.48635-2.24831j,0.58702+2.01607j,1.50445-0.87822j
"v1679(,)",0.50687-2.27637j,0.55958+2.03265j,1.50615+2.20465j
"v1680(,)",0.45522-2.2767j,0.60392+2.05499j,1.5278-0.95948j
"v1688(,)",0.44266+1.51185j,0.69504-1.94449j,1.47914+3.0507j
"v1689(,)",0.41211-2.49214j,0.51461-2.02273j,1.31283+1.22981j
"v1690(,)",0.54541+2.47486j,0.56174+2.51731j,1.1905-0.50729j
"v1691(,)",0.66918-2.40786j,0.68455+2.39364j,1.307+0.0238j
"v1694(,)",0.63524-2.38463j,0.66199+2.35783j,1.35353-0.00962j
"v1696(,)",0.49211+1.90305j,0.52583+1.89809j,1.20834+1.39514j
"v1702(,)",0.41654-1.5784j,0.64151-1.9923j,1.25744+0.39068j
"v1705(,)",0.45651+2.2704j,0.60573-2.04849j,1.51727+0.95139j
"v1707(,)",0.51139+1.86809j,0.52103+1.89997j,1.20031-1.71771j
"v1709(,)",0.65392+2.40662j,0.68432-2.37786j,1.3328+3.09327j
"v1712(,)",0.47999+2.25024j,0.59215-2.02004j,1.50217+0.891j
"v1713(,)",0.6002-2.47047j,0.6272-2.50742j,1.10006+0.47364j
"v1715(,)",0.50054-1.90605j,0.52597-1.8875j,1.20227+1.73917j
"v1717(,)",0.4706+2.29425j,0.58165-2.06294j,1.53202+0.87176j
"v1718(,)",0.50253+2.28211j,0.56085-2.03888j,1.5054-2.21679j
"v1720(,)",0.63848+2.3797j,0.65692-2.36119j,1.35291+0.00664j
"v1723(,)",0.45974-2.26548j,0.60493+2.04237j,1.51117-0.94097j
"v1735(,)",0.54649+2.48565j,0.56956+2.51922j,1.18142-0.5162j
"v1739(,)",0.66457-2.40428j,0.68125+2.38869j,1.32024-3.11544j
"v1744(,)",0.47581-2.29401j,0.57741+2.0602j,1.52566+2.26313j
"v1745(,)",0.44677-2.4975j,0.55427-2.02221j,1.24318-1.91954j
"v1749(,)",0.48714+2.2541j,0.58431-2.021j,1.51521+0.88191j
"v1750(,)",0.47547-2.25361j,0.59508+2.02481j,1.50407-0.90196j
"v1753(,)",0.42211+1.58j,0.64383+2.00312j,1.24918-0.39932j
"v1754(,)",0.45461-2.49239j,0.56191-2.01511j,1.23168-1.93288j
"v1759(,)",0.49743-2.28517j,0.5637+2.04337j,1.50847+2.22642j
"v1760(,)",0.46389+2.26243j,0.60236-2.03769j,1.50939+0.93066j
"v1762(,)",0.64226-2.37662j,0.64226-2.37662j,1.85644+2.80659j
"v1762(,)",0.64226-2.37662j,0.65378+2.36505j,1.35316-0.00415j
"v1762(,)",0.65378+2.36505j,0.65378+2.36505j,1.85855-2.78745j
"v1765(,)",0.41264-2.46041j,0.50979-1.98689j,1.32458-1.97633j
"v1771(,)",0.46148-2.27279j,0.59998+2.0484j,1.52617-0.94437j
"v1774(,)",0.59082+2.47072j,0.62273+2.49346j,1.11336+2.67505j
"v1776(,)",0.48006+2.29241j,0.57465-2.05686j,1.52217-2.25593j
"v1778(,)",0.64258-2.38179j,0.65906+2.36539j,1.35515-0.0059j
"v1778(,)",0.64258-2.38179j,0.64258-2.38179j,1.85135+2.80987j
"v1778(,)",0.65906+2.36539j,0.65906+2.36539j,1.85419-2.78306j
"v1779(,)",0.49855-2.27871j,0.56539+2.03771j,1.51431+2.21686j
"v1783(,)",0.45888+2.48406j,0.56503+2.00523j,1.22816-1.19188j
"v1790(,)",0.37778+2.38653j,0.5068-1.96796j,1.36062-1.59107j
"v1791(,)",0.64588+2.37501j,0.65217-2.36873j,1.35388-3.13933j
"v1791(,)",0.64588+2.37501j,0.64588+2.37501j,1.85536-2.80205j
"v1791(,)",0.65217-2.36873j,0.65217-2.36873j,1.85648+2.79169j
"v1795(,)",0.49278+2.28618j,0.56703-2.04611j,1.51326-2.23301j
"v1796(,)",0.41364-2.48294j,0.51469-2.01208j,1.3141-1.93118j
"v1797(,)",0.4786-2.25657j,0.5911+2.02635j,1.51208-0.89907j
"v1799(,)",0.59942+2.47713j,0.6169+2.50901j,1.10647-0.48234j
"v1805(,)",0.47554+2.28955j,0.57977-2.0566j,1.53144-2.25773j
"v1807(,)",0.48315-2.29007j,0.57319+2.05351j,1.52103+2.24925j
"v1813(,)",0.46576+2.26631j,0.59894-2.0405j,1.51812-2.21084j
"v1817(,)",0.39785+2.41199j,0.4865-1.93467j,1.36132+1.49231j
"v1825(,)",0.6476+2.37763j,0.6548-2.37047j,1.35545+0.00258j
"v1825(,)",0.6476+2.37763j,0.6476+2.37763j,1.85173-2.80233j
"v1825(,)",0.6548-2.37047j,0.6548-2.37047j,1.85296+2.79065j
"v1832(,)",0.45844-2.47564j,0.56306-1.99612j,1.23265+1.17722j
"v1835(,)",0.49197+2.28281j,0.5691-2.04371j,1.51817-2.22961j
"v1835(,)",0.5691-2.04371j,0.5691-2.04371j,1.99942-1.88884j
"v1838(,)",0.5842-2.4741j,0.61467-2.48526j,1.12524+0.46601j
"v1839(,)",0.41445+2.46693j,0.51288+1.99393j,1.31882-1.1778j
"v1842(,)",0.41059+2.47227j,0.56839+1.99607j,1.28266-1.17958j
"v1849(,)",0.576+2.05215j,0.576+2.05215j,2.00532+1.8749j
"v1849(,)",0.48122-2.28738j,0.576+2.05215j,1.52671+2.24808j
"v1865(,)",0.44831+2.48947j,0.55445+2.01307j,1.2445-1.2066j
"v1866(,)",0.44972-2.51226j,0.46486+2.26816j,1.33447+1.00783j
"v1870(,)",0.44812+2.45232j,0.52312+2.02094j,1.26973+1.96586j
"v1871(,)",0.4396+2.45286j,0.53863+1.97424j,1.27477-1.14274j
"v1873(,)",0.56571-2.49177j,0.58081-2.46781j,1.16466+0.4757j
"v1879(,)",0.43453-2.45286j,0.53303-1.97502j,1.28421+1.14418j
"v1881(,)",0.41341+2.46621j,0.56501+2.00407j,1.28165-1.17806j
"v1883(,)",0.44441-2.4547j,0.54423-1.97551j,1.26538+1.14471j
"v1884(,)",0.52006-2.27888j,0.56829-2.28147j,1.50391+2.47313j
"v1885(,)",0.56724+2.48806j,0.58663+2.46805j,1.15963-0.47185j
"v1892(,)",0.53151-2.3001j,0.55479-2.25939j,1.51131-0.59277j
"v1904(,)",0.58715-2.47733j,0.61133-2.49106j,1.12371+0.47283j
"v1905(,)",0.56971-2.48511j,0.59194-2.46998j,1.15392+0.46977j
"v1908(,)",0.44815+2.4581j,0.54887+1.97865j,1.25754-1.14972j
"v1909(,)",0.44213+2.45163j,0.52994+2.02186j,1.27179-1.17503j
"v1910(,)",0.38388+2.39208j,0.50291-1.95838j,1.359+1.53542j
"v1911(,)",0.39676-2.36431j,0.54125+1.95316j,1.30883+1.5868j
"v1917(,)",0.40333+2.36244j,0.54556-1.94551j,1.29911-1.59278j
"v1918(,)",0.4535-2.47867j,0.5582-2.0003j,1.24012+1.18472j
"v1920(,)",0.57272+2.48315j,0.59616+2.47322j,1.14824-0.46946j
"v1921(,)",0.52298+2.27359j,0.56505+2.28731j,1.49857-2.48388j
"v1922(,)",0.39428-2.40494j,0.49269+1.94134j,1.35904-1.50588j
"v1930(,)",0.53726-2.30068j,0.54888-2.25936j,1.50496-0.60157j
"v1934(,)",0.41771-2.46225j,0.55959-2.00922j,1.28027+1.17709j
"v1940(,)",0.38752+2.40187j,0.55122-1.9348j,1.3216+1.49919j
"v1944(,)",0.43703+2.45285j,0.53592+2.02057j,1.27363+1.96649j
"v1945(,)",0.41001-2.36355j,0.54602+1.93696j,1.29309-1.53964j
"v1948(,)",0.42302+2.39939j,0.50861-1.91213j,1.31597+1.48427j
"v1952(,)",0.4264-2.39403j,0.51531+1.90999j,1.3068+1.65411j
"v1956(,)",0.39355-2.40554j,0.54835+1.94376j,1.31657-1.5011j
"v1959(,)",0.43075+2.3858j,0.49834-1.95541j,1.30778+1.53242j
"v1960(,)",0.57073-2.49076j,0.58464-2.47416j,1.157+0.47831j
"v1962(,)",0.52699-2.27024j,0.56058-2.29086j,1.49771+2.49413j
"v1965(,)",0.54216+2.29945j,0.5441+2.26102j,1.5023-2.53101j
"v1966(,)",0.41756-2.46926j,0.55958-2.00032j,1.28063+1.17909j
"v1967(,)",0.42726+2.38784j,0.52228-1.91068j,1.29981+1.49387j
"v1969(,)",0.42223+2.46039j,0.55392+2.01159j,1.27883-1.17673j
"v1970(,)",0.43727-2.4573j,0.53676-1.97951j,1.27777+1.15169j
"v1974(,)",0.57403+2.48682j,0.59168+2.47683j,1.14934-0.47554j
"v1975(,)",0.42857+2.39225j,0.50503-1.95928j,1.30566-1.61406j
"v1976(,)",0.43324-2.45518j,0.54046-2.01789j,1.27505+1.17565j
"v1977(,)",0.49908+2.28884j,0.49974-2.51841j,1.2579-2.16714j
"v1981(,)",0.44364+2.45988j,0.5442+1.98133j,1.26517-1.15443j
"v1983(,)",0.73116-2.51277j,0.78665+1.94563j,0.81487+1.23452j
"v1985(,)",0.44234+2.4566j,0.52979+2.01612j,1.27209-1.17676j
"v1986(,)",0.41516+2.36714j,0.54299-1.9298j,1.29159+1.52982j
"v1989(,)",0.39996+2.40636j,0.54262-1.94996j,1.31304+1.50442j
"v1993(,)",0.52678-2.27646j,0.56094-2.28414j,1.50747+2.48682j
"v1995(,)",0.42562-2.38226j,0.52806+1.91389j,1.29613+1.63974j
"v1998(,)",0.53719+2.29602j,0.54934+2.26406j,1.51255-2.53569j
"v2000(,)",0.53107+2.26869j,0.55614+2.29236j,1.49982-2.50235j
"v2003(,)",0.50045+2.29851j,0.50919-2.50955j,1.25262+0.95538j
"v2006(,)",0.54071-2.26355j,0.54579-2.29715j,1.50247-0.61853j
"v2015(,)",0.42442-2.39685j,0.51212+1.96023j,1.30557+1.61882j
"v2020(,)",0.44789+2.29907j,0.45462-2.46914j,1.3594-2.20471j
"v2025(,)",0.45217-2.4993j,0.46013+2.27791j,1.34146+0.9857j
"v2031(,)",0.4232+2.46399j,0.55266+2.00713j,1.27872-1.17786j
"v2032(,)",0.40218-2.36791j,0.53846+1.94532j,1.30701-1.54402j
"v2036(,)",0.4355-2.4581j,0.5378-2.0144j,1.27449-1.96483j
"v2043(,)",0.40539-2.4049j,0.5361+1.95294j,1.31121+1.63339j
"v2053(,)",0.41961+2.39923j,0.51826-1.95874j,1.30693-1.62267j
"v2055(,)",0.39472+2.4001j,0.54252-1.93937j,1.31923-1.6372j
"v2056(,)",0.42089+2.39352j,0.51433-1.91613j,1.31288+1.49345j
"v2059(,)",0.53206+2.27197j,0.55522+2.28885j,1.50611-2.50028j
"v2061(,)",0.5429-2.26616j,0.54374-2.29436j,1.50886+2.5236j
"v2063(,)",0.49696-2.30691j,0.51242+2.49775j,1.25726-0.93772j
"v2065(,)",0.41092+2.36959j,0.53895-1.93423j,1.29904+1.53191j
"v2072(,)",0.73222+2.6273j,0.78305-1.93195j,0.8575+1.77676j
"v2073(,)",0.42405-2.38885j,0.50637+1.95292j,1.31005+1.61452j
"v2081(,)",0.42191-2.38545j,0.52354+1.91723j,1.30359-1.50196j
"v2087(,)",0.47181-2.27132j,0.49471+2.46593j,1.29068+2.19581j
"v2090(,)",0.45231-2.29409j,0.45575+2.47736j,1.35216-0.94896j
"v2105(,)",0.40319-2.40116j,0.53519+1.94753j,1.31442-1.50883j
"v2110(,)",0.41872+2.39492j,0.51575-1.95415j,1.30974-1.62081j
"v2113(,)",0.47929+2.2737j,0.48801-2.46517j,1.29226-2.19967j
"v2114(,)",0.49423-2.29617j,0.50077+2.50688j,1.26571+2.18321j
"v2116(,)",0.49096+2.31166j,0.5098-2.48776j,1.26773-2.21506j
"v2137(,)",0.46122+2.4889j,0.49484-2.31532j,1.31234+2.20863j
"v2148(,)",0.46234+2.4838j,0.49702-2.30886j,1.30915+2.20909j
"v2153(,)",0.48234+2.46675j,0.48467-2.27823j,1.29472+2.20226j
"v2155(,)",0.46709-2.31671j,0.48766+2.46395j,1.31346+2.23317j
"v2156(,)",0.4634+2.31468j,0.48216-2.46347j,1.32161+0.91109j
"v2165(,)",0.47121+2.3174j,0.49268-2.46624j,1.305+0.90857j
"v2180(,)",0.465-2.47978j,0.49661+2.30261j,1.30628-2.20848j
"v2181(,)",0.48974+2.30693j,0.50471-2.49189j,1.27159-2.20604j
"v2188(,)",0.47516-2.31671j,0.4965+2.46996j,1.29739-0.91135j
"v2197(,)",0.47616-2.27882j,0.4886+2.47023j,1.29484+2.19787j
"v2199(,)",0.47833-2.46966j,0.48757+2.28353j,1.29739+0.93795j
"v2214(,)",0.46842+2.47725j,0.49431-2.29765j,1.30407+2.20716j
"v2232(,)",0.46643-2.48586j,0.49112+2.30847j,1.30942-2.20627j
"v2236(,)",0.42264+2.32502j,0.45592+2.35032j,1.37346-1.81225j
"v2241(,)",0.46751+2.31237j,0.48494-2.46898j,1.31422-2.22432j
"v2246(,)",0.48101-2.47222j,0.48326+2.2849j,1.29807-2.20148j
"v2248(,)",0.47304-2.31324j,0.49157+2.47215j,1.30283-0.91752j
"v2249(,)",0.43076+2.32436j,0.45401+2.35748j,1.36889-1.82055j
"v2256(,)",0.46999+2.48055j,0.49056-2.30037j,1.30554+2.20549j
"v2276(,)",0.41568+2.36411j,0.45205+2.36574j,1.39657+1.2776j
"v2280(,)",0.43792-2.32703j,0.4496-2.36262j,1.36823+1.82913j
"v2291(,)",0.41983-2.36753j,0.45486-2.35943j,1.38936+1.86252j
"v2317(,)",0.42479+2.36906j,0.45491+2.35282j,1.38355-1.85868j
"v2328(,)",0.44274+2.33177j,0.44433+2.36512j,1.37056+1.30542j
"v2348(,)",0.42881-2.33041j,0.44948-2.35404j,1.37614+1.82147j
"v2350(,)",0.42953-2.36868j,0.45264-2.34729j,1.37991+1.85355j
"v2373(,)",0.4213+2.36299j,0.44881+2.35922j,1.39285-1.85706j
"v2379(,)",0.43817+2.33402j,0.44382+2.36078j,1.37507-1.83282j
"v2390(,)",0.4279-2.36493j,0.44882-2.35063j,1.38509+1.85196j
"v2411(,)",0.72158-2.16515j,0.7896+2.1225j,0.95991+1.19349j
"v2494(,)",0.69086-2.6435j,0.7704+2.02359j,0.88389-1.84553j
"v2536(,)",0.59935-2.47218j,0.70949-2.34643j,0.97734+1.54065j
"v2539(,)",0.67302+2.63898j,0.78092-2.06412j,0.87981+1.87993j
"v2548(,)",0.70479+2.63059j,0.7942-1.989j,0.85991+1.82175j
"v2593(,)",0.59042+2.46979j,0.7544+2.45928j,1.01001+1.47191j
"v2649(,)",0.69405-2.63313j,0.79285+2.01415j,0.86467-1.84105j
"v2782(,)",0.4792+2.12323j,0.79747-2.40398j,1.05293+1.33135j
"v2812(,)",0.46214+2.1803j,0.79035+2.32399j,1.06986-1.53748j
"v2884(,)",0.63548-2.47106j,0.6799-2.38039j,0.98708+1.57323j
"v2918(,)",0.61845+2.4424j,0.71461+2.46571j,1.00424+1.50259j
"v2933(,)",0.73916+2.31425j,0.78196+2.22342j,1.02228-0.41147j
"v2961(,)",0.65182+2.47645j,0.6619+2.38942j,0.99625-1.58576j
"v2973(,)",0.57649+2.03908j,0.75628+2.37783j,1.14454-1.528j
"v2980(,)",0.62614-2.42532j,0.69832-2.47408j,1.00647-1.51729j
"v3023(,)",0.74056-2.25943j,0.76364-2.34361j,1.01925-2.67329j
"v3065(,)",0.58082+2.05607j,0.74166+2.39559j,1.13874-1.55088j
"v3088(,)",0.51921+2.28125j,0.79076-2.42987j,1.18755-1.87815j
"v3088(,)",0.51921+2.28125j,0.76064-2.23952j,1.06948-1.1371j
"v3088(,)",0.76064-2.23952j,0.79076-2.42987j,1.07803+0.52151j
"v3097(,)",0.59919+2.09266j,0.71818+2.44088j,1.11152-1.59837j
"v3131(,)",0.59534-2.08393j,0.72407-2.43092j,1.1176+1.58724j
"v3146(,)",0.76179-2.31899j,0.77551-2.25682j,0.99948+0.43755j
"v3173(,)",0.7645+2.2667j,0.76873+2.32656j,0.99811-0.45274j
"v3176(,)",0.52759-2.26906j,0.75194+2.2547j,1.0798-2.0277j
"v3176(,)",0.75194+2.2547j,0.77221+2.44693j,1.09419+2.61836j
"v3182(,)",0.7352+2.5015j,0.74059+2.29871j,1.1367+2.60366j
"v3182(,)",0.55873-2.24223j,0.74059+2.29871j,1.08783-2.09454j
"v3182(,)",0.55873-2.24223j,0.7352+2.5015j,1.13478+1.81091j
"v3196(,)",0.70998-2.48519j,0.75678-2.42624j,1.07585+0.50911j
"v3197(,)",0.70925+2.50003j,0.73478+2.42997j,1.08772-0.52905j
"v3230(,)",0.66938+1.9987j,0.67733+2.13765j,1.05608-2.38135j
"v3235(,)",0.55041+2.24867j,0.74387-2.48767j,1.14651-1.82201j
"v3235(,)",0.55041+2.24867j,0.74277-2.28772j,1.08706+2.0778j
"v3235(,)",0.74277-2.28772j,0.74387-2.48767j,1.12598-2.60779j
"v3236(,)",0.62689+2.08616j,0.73673+1.97606j,1.09223-2.36442j
"v3281(,)",0.58067+2.02219j,0.69211-2.14814j,1.12735+1.03725j
"v3281(,)",0.58067+2.02219j,0.65608-2.22824j,1.11064-2.08016j
"v3311(,)",0.67035+2.22405j,0.67465+2.00565j,1.10161+0.73324j
"v3311(,)",0.57624-2.25681j,0.67465+2.00565j,1.1667-2.08787j
"v3316(,)",0.72039-2.42352j,0.75431-2.36406j,1.05114+0.47749j
"v3323(,)",0.72203+2.43395j,0.73593+2.36898j,1.05741-0.49416j
"v3330(,)",0.66163-2.21532j,0.66435-1.99539j,1.10871+2.38946j
